,formula,band gap,band_gap_hse
0,Cu2SeO4,0.3242,2.086961030960083
1,Cd2BO4,1.2871,2.8504977226257324
2,Ca(BO2)2,6.092599999999999,7.695268154144287
3,Sr(BO2)2,6.396800000000001,7.524815082550049
4,Ba(AlS2)2,3.6551,4.577436923980713
5,Ca(BS2)2,3.0789,4.118282318115234
6,Ba(GaS2)2,2.9088000000000003,3.847353458404541
7,Li(NiO2)2,0.869599999999999,2.90535306930542
8,Li(CoO2)2,0.0,0.0
9,V2ZnS4,0.0,0.0
10,Li2SO4,3.9196,5.9556050300598145
11,V2CuS4,0.068699999999999,1.039255142211914
12,Mg(GaS2)2,1.6447999999999992,2.667057752609253
13,Ca(FeS2)2,0.0,0.0
14,Mg(FeS2)2,0.0,0.0
15,Mg(WS2)2,0.1589,1.049870252609253
16,K(CrS2)2,0.0,0.0
17,Cs(CrS2)2,0.0,0.0
18,Mg(MoS2)2,0.0,0.0
19,Rb(CrS2)2,0.0,0.0
20,Gd2MgS4,1.6184,2.6377525329589844
21,Cr2AgS4,0.0,0.0
22,Na(CrS2)2,0.0,0.0
23,Pm2MgS4,1.5195999999999992,2.48488450050354
24,Nd2MgS4,0.000199999999999,1.00748610496521
25,Zn(CoS2)2,0.7452000000000001,1.7673437595367432
26,Dy2MgS4,1.9295,2.958963394165039
27,Ho2MgS4,1.9659,3.0060060024261475
28,Mg(AlS2)2,2.5023,3.6044344902038574
29,Ca(TiS2)2,0.0,0.0
30,V2ZnS4,0.0,0.0
31,Zn(FeS2)2,0.0,0.0
32,Zn(NiS2)2,0.0,0.0
33,Mg(ScS2)2,1.5651000000000002,2.5767486095428467
34,Mg(TiS2)2,0.0,0.0
35,Mg(VS2)2,0.0,0.0
36,Lu2MnS4,0.0,0.0
37,Ti2ZnS4,0.0,0.0
38,Ca(CoS2)2,0.9638999999999992,1.9564961194992065
39,Ca(CrS2)2,1.386099999999999,2.4061014652252197
40,Mg(MnS2)2,0.0,0.0
41,Lu2MgS4,1.9819,2.938366413116455
42,Lu2FeS4,0.0,0.0
43,Zr2CuS4,0.0,0.0
44,Ce2MgS4,0.0,0.0
45,Mg(CrS2)2,0.9995,2.0788042545318604
46,Mg(CoS2)2,0.7916999999999991,1.814047932624817
47,Ca(MnS2)2,0.0,0.0
48,Ca(VS2)2,0.0,0.0
49,Tm2MgS4,2.0584,3.0906660556793213
50,Sm2MgS4,1.7418,2.721925735473633
51,Eu2MgS4,0.0,0.0
52,Li(NiS2)2,0.0,0.0
53,Li(CrS2)2,0.0,0.0
54,Li(TiS2)2,0.0,0.0
55,Li(MnS2)2,0.0,0.0
56,Al(CoS2)2,0.0,0.0
57,Sc2ZnS4,0.5768,1.5567808151245117
58,Li(FeS2)2,0.0,0.0
59,Y2ZnS4,0.671899999999999,1.6308341026306152
60,Mg2SnO4,1.903,3.5278103351593018
61,Be(CoO2)2,0.0,0.0
62,LiZr2O4,0.0,0.0
63,MgIn2O4,1.999299999999999,3.638474941253662
64,Al(NiO2)2,0.0,0.0
65,Fe2CuO4,0.0,0.0
66,Mg2FeO4,0.0,0.0
67,AlCr2O4,0.0,0.0
68,Zn(NiO2)2,0.0,0.0
69,Er2MgS4,2.0129,3.063382148742676
70,Y2MgS4,0.2525,1.2058520317077637
71,Fe(RhS2)2,0.0,0.0
72,Pr2MgS4,1.5962,2.4809279441833496
73,La2MgS4,1.7443,2.6637980937957764
74,Tb2MgS4,1.8836,2.928771495819092
75,Cu(IrS2)2,0.0,0.0
76,In2CuS4,0.0,0.0
77,Ni(RhS2)2,0.0,0.0
78,Mn2ZnS4,0.0,0.0
79,Zn(GaS2)2,1.534399999999998,2.568683624267578
80,Al2HgS4,1.304899999999999,2.3498668670654297
81,Mn(AlS2)2,0.0,0.0
82,Cr2GaS4,0.0,0.0
83,Co(RhS2)2,0.038199999999999,1.1195566654205322
84,Li(CoS2)2,0.0,0.0
85,Sc2CdS4,0.9581,1.9564353227615356
86,Fe2SiS4,0.0,0.0
87,Ca2SnS4,9.999999999976698e-05,0.9632209539413452
88,Cr(InS2)2,0.0,0.0
89,Cu(RhS2)2,0.0,0.0
90,Mg(InS2)2,1.764399999999999,2.784512519836426
91,Dy2CdS4,1.0877,2.05417537689209
92,Tm2CdSe4,0.653,1.4721850156784058
93,Pr2MgSe4,1.0331,1.780128002166748
94,Pm2MgSe4,1.0956,1.9166066646575928
95,La2MgSe4,1.3291,2.128852605819702
96,Tb2MgSe4,1.2477,2.1362314224243164
97,Nd2MgSe4,1.068899999999999,1.9511147737503052
98,Eu2MgSe4,0.0,0.0
99,Sc2MnSe4,0.0,0.0
100,Sm2MgSe4,1.1339,1.9804209470748901
101,Lu2CdSe4,0.7033,1.4844605922698975
102,Y2CdSe4,0.610399999999999,1.4594086408615112
103,Lu2MnSe4,0.7626000000000001,1.5307177305221558
104,In2CoSe4,0.0,0.0
105,Sc2CdSe4,0.485,1.3760790824890137
106,Mn2ZnSe4,0.0,0.0
107,Er2MgSe4,1.3296,2.2357747554779053
108,Dy2MgSe4,1.287399999999999,2.180875778198242
109,Al2ZnSe4,1.378899999999999,2.36624813079834
110,Tm2MgSe4,1.4057,2.307194471359253
111,Yb2MgSe4,0.0,0.0
112,Li2ZnCl4,4.1422,5.606468677520752
113,Cr2CuTe4,0.0,0.0
114,Cr2AgTe4,0.0,0.0
115,Mn2ZnTe4,0.0,0.0
116,Dy2CdTe4,0.0,0.0
117,Mg(CrSe2)2,0.906099999999999,1.852660059928894
118,Yb2CdSe4,0.0,0.0
119,Cu(RhSe2)2,0.0,0.0
120,Dy2CdSe4,0.5809000000000001,1.3774360418319702
121,Zn(CrSe2)2,0.038899999999999,1.0293967723846436
122,Ho2CdSe4,0.603699999999999,1.4145126342773438
123,Cr2CuSe4,0.0,0.0
124,Al2CdSe4,1.261099999999999,2.217207908630371
125,Cd(InSe2)2,0.060699999999999,0.9209245443344116
126,Cr2CdSe4,0.0,0.0
127,Y2MgSe4,1.3007,2.2201452255249023
128,Cr2HgSe4,0.0,0.0
129,Ho2MgSe4,1.3026,2.1981706619262695
130,Al2HgSe4,0.382099999999999,1.2512418031692505
131,Sc2ZnSe4,0.2349,1.1296212673187256
132,Y2CdS4,1.1109,2.114715337753296
133,Er2CdS4,1.1479,2.141237735748291
134,Cr2CuS4,0.0,0.0
135,Co2NiS4,0.0,0.0
136,Mn(InS2)2,0.0,0.0
137,In2HgS4,0.3467,1.2436292171478271
138,In2FeS4,0.0,0.0
139,Sc2MnS4,0.0,0.0
140,In2CoS4,0.0,0.0
141,Cr2CoS4,0.0,0.0
142,In2NiS4,0.0,0.0
143,Zn(InS2)2,1.1222,2.1053826808929443
144,Ga2NiO4,0.0,0.0
145,Sc2FeS4,0.0,0.0
146,Mg(NiS2)2,0.0,0.0
147,Mn(CrS2)2,0.0,0.0
148,Cr2FeS4,0.0,0.0
149,Ti2CuS4,0.0,0.0
150,Cr2CdS4,0.0,0.0
151,Co2CuS4,0.0,0.0
152,Lu2MgSe4,1.476999999999999,2.319587469100952
153,Mg(ScSe2)2,1.0918,1.9849188327789307
154,Mg(InSe2)2,9.999999999976698e-05,0.833660900592804
155,Y2ZnSe4,0.239,1.0888011455535889
156,Zn(InSe2)2,0.698599999999999,1.5052131414413452
157,Al2CdS4,2.462299999999999,3.5851387977600098
158,Lu2CdS4,1.2348,2.1180858612060547
159,Ho2CdS4,1.1172,2.097790241241455
160,Co(NiS2)2,0.0,0.0
161,Cr(GaS2)2,0.0,0.0
162,Yb2FeS4,0.0,0.0
163,Cd(InS2)2,1.050399999999999,2.0205485820770264
164,V2CuS4,0.0,0.0
165,Fe(NiS2)2,0.0,0.0
166,Al2ZnS4,2.4934,3.626112699508667
167,Zn(CrS2)2,0.0344,1.1353801488876343
168,Tm2CdS4,1.1785,2.166959047317505
169,Cr2HgS4,0.0,0.0
170,Ga2CoO4,1.7927,3.411764621734619
171,Cd(CoO2)2,1.9265999999999992,3.6440374851226807
172,Al2HgO4,1.346099999999999,2.938410997390747
173,Co2GeO4,0.0,0.0
174,Si(NiO2)2,3.576999999999999,5.292797565460205
175,Mn(FeO2)2,0.9977,2.992018461227417
176,Fe2SiO4,2.7099,4.464790344238281
177,Zn(AgO2)2,0.0,0.0
178,Al(CoO2)2,0.0,0.0
179,Y(FeO2)2,0.0,0.0
180,Na2WO4,4.752099999999999,6.290782451629639
181,Cd(RhO2)2,0.8366999999999991,2.5701613426208496
182,MgMn2O4,0.082999999999999,2.173953056335449
183,Mn2AlO4,0.0,0.0
184,CaV2O4,0.0,0.0
185,Ca(SnO2)2,0.0,0.0
186,Mg(AgO2)2,0.0,0.0
187,YTi2O4,0.0,0.0
188,Mn2ZnO4,0.0,0.0
189,Ca(FeO2)2,1.7361,3.5412349700927734
190,Mg(CuO2)2,0.0,0.0
191,Co2SiO4,0.0,0.0
192,MgV2O4,0.0,0.0
193,Cd(FeO2)2,1.8272,3.561553955078125
194,Cr2HgO4,1.2575,2.7511982917785645
195,AlV2O4,0.0,0.0
196,CdIn2O4,0.9137,2.4376537799835205
197,V2FeO4,0.0,0.0
198,Cr2FeO4,0.0,0.0
199,Cr2CdO4,1.8327,3.44045352935791
200,Ag2MoO4,1.873099999999999,3.14634370803833
201,Zn(FeO2)2,1.6686,3.4888675212860107
202,V2ZnO4,0.0,0.0
203,Cr2NiO4,0.0,0.0
204,LiV2O4,0.0,0.0
205,Ni(RhO2)2,0.0,0.0
206,MgCr2O4,3.139,4.7726850509643555
207,V2CdO4,0.0,0.0
208,Na2MoO4,4.3983,5.686585426330566
209,ZnCr2O4,0.0,0.0
210,Cr2CoO4,2.606,4.187648296356201
211,Y(NiO2)2,0.0,0.0
212,Ca(AgO2)2,0.0,0.0
213,DyMn2O4,0.0,0.0
214,Ti2ZnO4,0.0,0.0
215,Ca(BiO2)2,1.787599999999999,2.6261229515075684
216,Mg(SbO2)2,1.1013,1.7392023801803589
217,Co2NiO4,0.0,0.0
218,CaTi2O4,0.0,0.0
219,Zn(BiO2)2,0.397699999999999,1.3236312866210938
220,Zn(IrO2)2,0.323599999999999,1.7534263134002686
221,Mg(WO2)2,1.209099999999999,2.724573850631714
222,Zn(WO2)2,0.7082,2.225343704223633
223,Mg(MoO2)2,2.2975,3.8176393508911133
224,Zn(SbO2)2,0.0388,0.7483577132225037
225,Ca(WO2)2,1.5984,3.006406784057617
226,Ca(MoO2)2,2.3071,3.7837343215942383
227,Mg(SnO2)2,0.0,0.0
228,Ca(SbO2)2,1.0224,1.661312222480774
229,Zn(SnO2)2,0.0,0.0
230,Y(CuO2)2,0.0,0.0
231,Mg(BiO2)2,1.5627,2.3294806480407715
232,Zn2SnO4,0.422399999999999,1.8411086797714233
233,Ca(CoO2)2,2.292,4.045346736907959
234,Ca(CuO2)2,0.0,0.0
235,Al(CuO2)2,0.0,0.0
236,Zn(MoO2)2,0.0,0.0
237,Zn(CuO2)2,0.0,0.0
238,Ti2AlO4,0.0,0.0
239,Mg(NiO2)2,0.0,0.0
240,Cd2SnO4,0.244999999999999,1.744467854499817
241,Al(SnO2)2,0.0,0.0
242,CaCr2O4,2.0955,3.6888632774353027
243,Mn(CoO2)2,0.0,0.0
244,Nd2PdO4,0.0,0.0
245,Y2PdO4,0.0,0.0
246,Pr2PdO4,0.0,0.0
247,La2EuO4,0.0,0.0
248,CaTm2O4,4.2171,5.889148235321045
249,Ca(NiO2)2,0.0,0.0
250,Fe2GeO4,1.407699999999999,3.0286178588867188
251,Zn2PdO4,0.0,0.0
252,LiMn2O4,0.0,0.0
253,V2SiO4,0.6219,2.1277830600738525
254,Co(NiO2)2,0.0,0.0
255,SrSc2O4,3.503999999999999,5.135592937469482
256,Mg2CoO4,0.7214,2.8835058212280273
257,In2HgO4,0.1462,1.7055284976959229
258,CaY2O4,4.1546,5.756527900695801
259,VCr2O4,0.0,0.0
260,Fe2HgO4,1.1461,2.7311363220214844
261,CaGd2O4,3.26,4.900476455688477
262,Gd2CdO4,0.0,0.0
263,SrNd2O4,3.6022,5.226320743560791
264,NaTi2O4,0.0,0.0
265,Zn(CoO2)2,0.0,0.0
266,Ga2CuO4,0.0,0.0
267,Fe2CoO4,1.5511,3.3328769207000732
268,Al2NiO4,3.3947,5.110469341278076
269,Co2HgO4,0.0,0.0
270,Fe(NiO2)2,0.0,0.0
271,SrSm2O4,3.8076,5.410995960235596
272,SrLa2O4,3.788,5.387441158294678
273,NaMn2O4,0.0,0.0
274,V2CoO4,0.0,0.0
275,SrLu2O4,3.5547,5.079367637634277
276,LiAg2F4,0.0,0.0
277,NaV2O4,0.040799999999999,1.4089863300323486
278,Cu(NiO2)2,0.0,0.0
279,ZnIn2O4,1.179099999999999,2.820258140563965
280,CaSm2O4,3.8425,5.4934563636779785
281,Mg(CoO2)2,0.0,0.0
282,BaLa2O4,3.7033,5.269241809844971
283,Na(SnO2)2,0.0,0.0
284,Y2HgO4,1.2172,2.748757839202881
285,Ga2HgO4,0.5638000000000001,1.8534060716629028
286,NaCr2O4,0.0,0.0
287,CaTb2O4,3.871799999999999,5.545949935913086
288,EuY2O4,0.390299999999999,1.9269006252288818
289,MnAl2O4,2.6578,4.540410041809082
290,Mg(FeO2)2,0.0,0.0
291,Zn(GaO2)2,2.310499999999999,3.9646859169006348
292,LiTi2O4,0.0,0.0
293,Mg(RhO2)2,1.1521,3.0653634071350098
294,Mg2VO4,0.0,0.0
295,Mn2NiO4,0.0,0.0
296,Al2FeO4,0.0,0.0
297,Al2ZnO4,3.845999999999999,5.544143199920654
298,Li(MoO2)2,0.0,0.0
299,MnCr2O4,2.2026,3.796013832092285
300,Cd(GaO2)2,1.5793,3.1443092823028564
301,Li(CuO2)2,0.0,0.0
302,Li(NiO2)2,0.0,0.0
303,Li(CoO2)2,0.0,0.0
304,Fe2NiO4,0.0,0.0
305,Li(FeO2)2,0.0,0.0
306,CaIn2O4,2.020799999999999,3.6324424743652344
307,Al2CuO4,0.0,0.0
308,Ni2GeO4,2.1356,3.7592687606811523
309,MgTi2O4,0.0,0.0
310,Co2CuO4,0.0,0.0
311,MgAl2O4,5.1095,6.797067642211914
312,MnV2O4,0.0,0.0
313,Mg2SiO4,4.7454,6.428586006164551
314,Ti2MnO4,0.0,0.0
315,Zn2SiO4,2.3636,3.9805312156677246
316,Cd2SiO4,1.0232,2.5928118228912354
317,Mn(RhO2)2,0.9305,2.8729875087738037
318,Co(RhO2)2,0.0,0.0
319,Zn(RhO2)2,0.9323999999999992,2.874236583709717
320,Mn2CuO4,0.0,0.0
321,Al(FeO2)2,0.0,0.0
322,Mg(GaO2)2,3.2804,4.915858745574951
323,Li(WO2)2,0.0,0.0
324,Cr2CuO4,0.0,0.0
325,Cu(RhO2)2,0.0,0.0
326,Mg2GeO4,3.0734,4.775081634521484
327,Al2CdO4,2.676,4.467347145080566
328,Al2CoO4,3.0024,4.766809463500977
329,MnIn2O4,0.8588000000000001,2.49688982963562
330,Na(FeO2)2,0.0,0.0
331,Li2MnF4,3.9042,6.801604747772217
